Category,Name,Identifiers,,,,,,,,,,,,,,,,,
P&ID Connector,Blind Flange,1427,,,,,,,,,,,,,,,,,
P&ID Connector,Blind Flange,1433,,,,,,,,,,,,,,,,,
P&ID Connector,Blind Flange,1255,,,,,,,,,,,,,,,,,
P&ID Connector,Blind Flange,1672,1694,,,,,,,,,,,,,,,,
P&ID Connector,Blind Flange,1433,,,,,,,,,,,,,,,,,
P&ID Connector,Blind Flange,1255,,,,,,,,,,,,,,,,,
P&ID Connector,Concentric Reducer,2616,2618,2620,2622,3351,,,,,,,,,,,,,
P&ID Connector,Concentric Reducer,2606,2608,2610,2612,3349,,,,,,,,,,,,,
P&ID Connector,Concentric Reducer,3816,3818,3820,3822,3826,,,,,,,,,,,,,
P&ID Connector,Concentric Reducer,2657,2659,2661,2663,3353,,,,,,,,,,,,,
P&ID Connector,Concentric Reducer,4452,4454,4456,4458,4462,,,,,,,,,,,,,
P&ID Connector,Concentric Reducer,3828,3830,3832,3834,3836,,,,,,,,,,,,,
P&ID Connector,Concentric Reducer,2665,2667,2669,2671,3355,,,,,,,,,,,,,
P&ID Connector,Concentric Reducer,4466,4468,4470,4472,4476,,,,,,,,,,,,,
P&ID Connector,Concentric Reducer,3838,3840,3842,3844,3846,,,,,,,,,,,,,
P&ID Connector,Concentric Reducer,2673,2675,2677,2679,3357,,,,,,,,,,,,,
P&ID Connector,Concentric Reducer,4480,4482,4484,4486,4490,,,,,,,,,,,,,
P&ID Connector,Concentric Reducer,3848,3850,3852,3854,3856,,,,,,,,,,,,,
P&ID Connector,Concentric Reducer,2681,2683,2685,2687,3359,,,,,,,,,,,,,
P&ID Connector,Concentric Reducer,4494,4496,4498,4500,4504,,,,,,,,,,,,,
P&ID Connector,Concentric Reducer,3858,3860,3862,3864,3866,,,,,,,,,,,,,
P&ID Connector,Concentric Reducer,2689,2691,2693,2695,3361,,,,,,,,,,,,,
P&ID Connector,Concentric Reducer,4508,4510,4512,4514,4518,,,,,,,,,,,,,
P&ID Connector,Concentric Reducer,3868,3870,3872,3874,3876,,,,,,,,,,,,,
P&ID Connector,Concentric Reducer,2697,2699,2701,2703,3363,,,,,,,,,,,,,
P&ID Connector,Concentric Reducer,4522,4524,4526,4528,4532,,,,,,,,,,,,,
P&ID Connector,Concentric Reducer,3878,3880,3882,3884,3886,,,,,,,,,,,,,
P&ID Connector,Concentric Reducer,2705,2707,2709,2711,,,,,,,,,,,,,,
P&ID Connector,Concentric Reducer,4536,4538,4540,4542,4546,,,,,,,,,,,,,
P&ID Connector,Concentric Reducer,3888,3890,3892,3894,3896,,,,,,,,,,,,,
P&ID Connector,Concentric Reducer,1267,1269,1271,1273,,,,,,,,,,,,,,
P&ID Connector,Concentric Reducer,1367,1369,1371,1373,,,,,,,,,,,,,,
P&ID Connector,Concentric Reducer,1355,1357,1359,1361,,,,,,,,,,,,,,
P&ID Connector,Concentric Reducer,6933,6935,6937,6939,6941,,,,,,,,,,,,,
P&ID Connector,Concentric Reducer,6999,7001,7003,7005,7009,,,,,,,,,,,,,
P&ID Connector,Concentric Reducer,2464,2466,2468,2470,2540,,,,,,,,,,,,,
P&ID Connector,Concentric Reducer,1457,1459,1461,1463,,,,,,,,,,,,,,
P&ID Connector,Concentric Reducer,152,154,156,158,,,,,,,,,,,,,,
P&ID Connector,Concentric Reducer,2761,2763,2765,2767,,,,,,,,,,,,,,
P&ID Connector,Concentric Reducer,2801,2803,2805,2807,,,,,,,,,,,,,,
P&ID Connector,Concentric Reducer,3490,3492,3494,3496,,,,,,,,,,,,,,
P&ID Connector,Concentric Reducer,188,190,192,194,,,,,,,,,,,,,,
P&ID Connector,Concentric Reducer,2773,2775,2777,2779,,,,,,,,,,,,,,
P&ID Connector,Concentric Reducer,2817,2819,2821,2823,,,,,,,,,,,,,,
P&ID Connector,Concentric Reducer,2825,2827,2829,2831,,,,,,,,,,,,,,
P&ID Connector,Concentric Reducer,492,494,496,498,,,,,,,,,,,,,,
P&ID Connector,Concentric Reducer,500,502,504,506,,,,,,,,,,,,,,
P&ID Connector,End Cap,4912,4914,,,,,,,,,,,,,,,,
P&ID Connector,End Cap,5256,5258,,,,,,,,,,,,,,,,
P&ID Connector,Expansion Loop,1449,,,,,,,,,,,,,,,,,
P&ID Connector,Expansion Loop,4318,,,,,,,,,,,,,,,,,
P&ID Connector,Expansion Loop,4314,,,,,,,,,,,,,,,,,
P&ID Connector,Expansion Loop,4372,,,,,,,,,,,,,,,,,
P&ID Connector,Expansion Loop,4368,,,,,,,,,,,,,,,,,
P&ID Connector,Expansion Loop,2310,,,,,,,,,,,,,,,,,
P&ID Connector,Expansion Loop,2312,,,,,,,,,,,,,,,,,
P&ID Connector,Flange,7301,7303,,,,,,,,,,,,,,,,
P&ID Connector,Flange,2094,2096,,,,,,,,,,,,,,,,
P&ID Connector,Flange,4890,4892,,,,,,,,,,,,,,,,
P&ID Connector,Flange,2630,2632,2636,,,,,,,,,,,,,,,
P&ID Connector,Flange,7575,7577,7581,,,,,,,,,,,,,,,
P&ID Connector,Flange,7626,7628,7632,,,,,,,,,,,,,,,
P&ID Connector,Flange,7677,7679,7683,,,,,,,,,,,,,,,
P&ID Connector,Flange,7728,7730,7734,,,,,,,,,,,,,,,
P&ID Connector,Flange,7779,7781,7785,,,,,,,,,,,,,,,
P&ID Connector,Flange,7830,7832,7836,,,,,,,,,,,,,,,
P&ID Connector,Flange,7881,7883,7887,,,,,,,,,,,,,,,
P&ID Connector,Flange,1665,1667,1696,,,,,,,,,,,,,,,
P&ID Connector,Flange,4432,4434,,,,,,,,,,,,,,,,
P&ID Connector,Flange,2460,2462,,,,,,,,,,,,,,,,
P&ID Connector,Flange,6955,6957,,,,,,,,,,,,,,,,
P&ID Connector,Flange,7471,7473,,,,,,,,,,,,,,,,
P&ID Connector,Flange,1744,1746,1748,,,,,,,,,,,,,,,
P&ID Connector,Flange,1914,1916,1698,,,,,,,,,,,,,,,
P&ID Connector,Flange,1704,1708,,,,,,,,,,,,,,,,
P&ID Connector,Flange,4422,4424,,,,,,,,,,,,,,,,
P&ID Connector,Junction of Pipes,5358,,,,,,,,,,,,,,,,,
P&ID Connector,Junction of Pipes,5483,,,,,,,,,,,,,,,,,
P&ID Connector,Junction of Pipes,5573,,,,,,,,,,,,,,,,,
P&ID Connector,Junction of Pipes,5663,,,,,,,,,,,,,,,,,
P&ID Connector,Junction of Pipes,5753,,,,,,,,,,,,,,,,,
P&ID Connector,Junction of Pipes,5843,,,,,,,,,,,,,,,,,
P&ID Connector,Junction of Pipes,5933,,,,,,,,,,,,,,,,,
P&ID Connector,Junction of Pipes,6023,,,,,,,,,,,,,,,,,
P&ID Connector,Junction of Pipes,6779,,,,,,,,,,,,,,,,,
P&ID Connector,Junction of Pipes,6709,,,,,,,,,,,,,,,,,
P&ID Connector,Junction of Pipes,6741,,,,,,,,,,,,,,,,,
P&ID Connector,Nozzle,3764,3766,,,,,,,,,,,,,,,,
P&ID Connector,Nozzle,4428,4430,4436,,,,,,,,,,,,,,,
P&ID Connector,Nozzle,1411,1413,1415,1417,1425,,,,,,,,,,,,,
P&ID Connector,Nozzle,1419,1421,1423,,,,,,,,,,,,,,,
P&ID Connector,Nozzle,4418,4420,4426,,,,,,,,,,,,,,,
P&ID Connector,Nozzle,1177,1179,,,,,,,,,,,,,,,,
P&ID Connector,Nozzle,1257,1259,1467,,,,,,,,,,,,,,,
P&ID Connector,Nozzle,1247,1249,2901,,,,,,,,,,,,,,,
P&ID Connector,Nozzle,1475,1477,1687,,,,,,,,,,,,,,,
P&ID Connector,Nozzle,1241,1243,1245,,,,,,,,,,,,,,,
P&ID Connector,Ring Spacer,3768,3770,3772,3774,,,,,,,,,,,,,,
P&ID Connector,Ring Spacer,2108,2110,2112,2114,,,,,,,,,,,,,,
P&ID Connector,Ring Spacer,1852,1854,1856,1858,,,,,,,,,,,,,,
P&ID Connector,Ring Spacer,1860,1862,1864,1866,,,,,,,,,,,,,,
P&ID Connector,Spectacle Blind Normally Open,1191,1193,1195,1197,1199,1211,,,,,,,,,,,,
P&ID Connector,Spectacle Blind Normally Open,2116,2118,2120,2122,2124,2136,,,,,,,,,,,,
P&ID Connector,Swing Elbow,2883,2885,2889,2887,2891,2893,2895,3245,3247,2897,,,,,,,,
P&ID Equipment,Basic Vessel,1153,1155,1157,1159,1161,1163,1165,1167,2204,1683,,,,,,,,
P&ID Equipment,Liquid Spray Perforated Pipe,1321,1323,1325,1327,1329,1331,1333,1335,1337,1339,1341,1343,1345,1347,1349,,,
P&ID Equipment,Manhole,1169,1171,1173,1175,1183,1185,,,,,,,,,,,,
P&ID Equipment,Packed Section,1543,1545,1547,1549,1551,1553,1555,1557,,,,,,,,,,
P&ID Equipment,Silencer,1561,1563,1565,1567,1569,1571,1573,1575,1577,1579,1581,,,,,,,
P&ID Equipment,Vortex Breaker,1443,1445,1447,,,,,,,,,,,,,,,
P&ID Equipment,Vortex Breaker,1261,1263,1265,,,,,,,,,,,,,,,
P&ID Information,Border of Package Unit,6333,6921,6405,6291,,,,,,,,,,,,,,
P&ID Information,Break,6693,6695,6697,,,,,,,,,,,,,,,
P&ID Information,Break,6687,6689,6691,,,,,,,,,,,,,,,
P&ID Information,Break,4202,4204,4206,,,,,,,,,,,,,,,
P&ID Information,Break,2228,2230,2232,,,,,,,,,,,,,,,
P&ID Information,Break,2234,2236,2238,,,,,,,,,,,,,,,
P&ID Information,Break,2240,2242,2244,,,,,,,,,,,,,,,
P&ID Information,Break,2246,2248,2250,,,,,,,,,,,,,,,
P&ID Information,Cloud,7998,8000,8002,8004,8006,8008,,,,,,,,,,,,
P&ID Information,Connection Point Information,6507,6407,6509,,,,,,,,,,,,,,,
P&ID Information,Connection Point Information,6411,6409,6495,,,,,,,,,,,,,,,
P&ID Information,Connection Point Information,6413,6415,6493,,,,,,,,,,,,,,,
P&ID Information,Connection Point Information,6337,6335,6339,,,,,,,,,,,,,,,
P&ID Information,Continuation Box,938,940,942,944,946,948,950,952,954,,,,,,,,,
P&ID Information,Continuation Box,956,958,960,962,964,966,968,970,972,,,,,,,,,
P&ID Information,Continuation Box,986,988,990,992,994,996,998,1000,1002,,,,,,,,,
P&ID Information,Continuation Drawing,702,878,880,882,,,,,,,,,,,,,,
P&ID Information,Drawing Border,8036,8028,8030,8026,8016,,,,,,,,,,,,,
P&ID Information,Drawing Border,8034,8014,,,,,,,,,,,,,,,,
P&ID Information,Drawing Border,8032,8020,8018,8024,8022,,,,,,,,,,,,,
P&ID Information,General notes and text,6487,6489,,,,,,,,,,,,,,,,
P&ID Information,General notes and text,3498,8040,8038,2641,,,,,,,,,,,,,,
P&ID Information,General notes and text,4464,8044,8042,4460,,,,,,,,,,,,,,
P&ID Information,General notes and text,4478,8048,8046,4474,,,,,,,,,,,,,,
P&ID Information,General notes and text,4492,8052,8050,4488,,,,,,,,,,,,,,
P&ID Information,General notes and text,4506,8056,8054,4502,,,,,,,,,,,,,,
P&ID Information,General notes and text,4520,8060,8058,4516,,,,,,,,,,,,,,
P&ID Information,General notes and text,4534,8064,8062,4530,,,,,,,,,,,,,,
P&ID Information,General notes and text,4548,8068,8066,4544,,,,,,,,,,,,,,
P&ID Information,General notes and text,2424,2426,2428,2430,,,,,,,,,,,,,,
P&ID Information,General notes and text,2420,2422,2418,4438,,,,,,,,,,,,,,
P&ID Information,General notes and text,4440,2412,2414,2416,,,,,,,,,,,,,,
P&ID Information,General notes and text,4442,2406,2408,2410,,,,,,,,,,,,,,
P&ID Information,General notes and text,4444,2400,2402,2404,,,,,,,,,,,,,,
P&ID Information,General notes and text,7994,7996,,,,,,,,,,,,,,,,
P&ID Information,General notes and text,4446,2190,2192,2194,,,,,,,,,,,,,,
P&ID Information,General notes and text,4448,2432,2434,2436,,,,,,,,,,,,,,
P&ID Information,General notes and text,4450,2440,2438,2442,,,,,,,,,,,,,,
P&ID Information,General notes and text,6809,8072,8070,6807,,,,,,,,,,,,,,
P&ID Information,General notes and text,6497,6499,,,,,,,,,,,,,,,,
P&ID Information,Note,4150,,,,,,,,,,,,,,,,,
P&ID Information,Note,4152,,,,,,,,,,,,,,,,,
P&ID Information,Note,4154,,,,,,,,,,,,,,,,,
P&ID Information,Note,4156,,,,,,,,,,,,,,,,,
P&ID Information,Note,4158,,,,,,,,,,,,,,,,,
P&ID Information,Note,4160,,,,,,,,,,,,,,,,,
P&ID Information,Note,4162,,,,,,,,,,,,,,,,,
P&ID Information,Note,4164,,,,,,,,,,,,,,,,,
P&ID Information,Note,1679,,,,,,,,,,,,,,,,,
P&ID Information,Note,1681,,,,,,,,,,,,,,,,,
P&ID Information,Note,1685,,,,,,,,,,,,,,,,,
P&ID Information,Note,4562,,,,,,,,,,,,,,,,,
P&ID Information,Note,7477,,,,,,,,,,,,,,,,,
P&ID Information,Note,7553,,,,,,,,,,,,,,,,,
P&ID Information,Note,7555,,,,,,,,,,,,,,,,,
P&ID Information,Note,2809,,,,,,,,,,,,,,,,,
P&ID Information,Note,850,,,,,,,,,,,,,,,,,
P&ID Information,Note,6293,,,,,,,,,,,,,,,,,
P&ID Information,Note,2837,,,,,,,,,,,,,,,,,
P&ID Information,Note,1848,,,,,,,,,,,,,,,,,
P&ID Information,Note,858,,,,,,,,,,,,,,,,,
P&ID Information,Note,1595,,,,,,,,,,,,,,,,,
P&ID Information,Note,1597,,,,,,,,,,,,,,,,,
P&ID Information,Note,6501,,,,,,,,,,,,,,,,,
P&ID Information,Note,768,,,,,,,,,,,,,,,,,
P&ID Information,Note,6539,,,,,,,,,,,,,,,,,
P&ID Information,Note,1559,,,,,,,,,,,,,,,,,
P&ID Information,Piping Class Change,6673,6675,6611,6609,6667,6637,6663,6665,6639,6635,6669,6671,,,,,,
P&ID Information,Piping Class Change,3243,704,706,758,760,734,762,732,730,764,766,,,,,,,
P&ID Information,Piping Class Change,6043,6045,6071,6069,6101,6097,6073,6099,6103,6105,6107,6109,6111,6195,6113,6115,6117,6119
P&ID Information,Piping Class Change,2899,2542,2544,2570,2568,2600,2596,2598,2572,2602,2604,,,,,,,
P&ID Information,Piping Class Change,2476,2478,2502,2534,2504,2530,2532,2506,2536,2538,,,,,,,,
P&ID Information,Piping Class Change,3566,3568,3570,3079,586,588,640,642,616,644,614,612,646,648,,,,
P&ID Information,Piping Class Change,2458,300,302,358,326,328,356,354,330,360,362,,,,,,,
P&ID Information,Piping Class Change,6341,6343,6367,6369,6399,6397,6395,6371,6401,6403,,,,,,,,
P&ID Information,Piping Class Change,7299,7305,7357,7359,7333,7331,7361,7329,7363,7365,,,,,,,,
P&ID Information,Piping Class Change,6875,6873,6899,6931,6901,6929,6903,6927,8076,8074,,,,,,,,
P&ID Information,Piping Class Change,6875,7145,8074,8092,7201,7169,7171,7197,7173,7199,,,,,,,,
P&ID Information,Piping Class Change,6873,7203,7227,7229,7259,7257,7231,7255,8080,8082,,,,,,,,
P&ID Information,Revision Triangle,8010,8012,,,,,,,,,,,,,,,,
P&ID Information,Slope Indicator,4886,4888,,,,,,,,,,,,,,,,
P&ID Information,Slope Indicator,4852,4854,,,,,,,,,,,,,,,,
P&ID Information,Slope Indicator,4804,4806,,,,,,,,,,,,,,,,
P&ID Information,Slope Indicator,4770,4772,,,,,,,,,,,,,,,,
P&ID Information,Slope Indicator,4750,4752,,,,,,,,,,,,,,,,
P&ID Information,Slope Indicator,4702,4704,,,,,,,,,,,,,,,,
P&ID Information,Slope Indicator,4680,4682,,,,,,,,,,,,,,,,
P&ID Information,Slope Indicator,4618,4620,,,,,,,,,,,,,,,,
P&ID Information,Slope Indicator,5366,5368,,,,,,,,,,,,,,,,
P&ID Information,Slope Indicator,5370,5372,,,,,,,,,,,,,,,,
P&ID Information,Slope Indicator,5374,5376,,,,,,,,,,,,,,,,
P&ID Information,System Tag Number,2264,2266,,,,,,,,,,,,,,,,
P&ID Information,System Tag Number,2260,2262,,,,,,,,,,,,,,,,
P&ID Information,System Tag Number,2256,2258,,,,,,,,,,,,,,,,
P&ID Information,System Tag Number,2252,2254,,,,,,,,,,,,,,,,
P&ID Information,System Tag Number,4198,4200,,,,,,,,,,,,,,,,
P&ID Information,System Tag Number,2216,2218,,,,,,,,,,,,,,,,
P&ID Information,System Tag Number,2220,2222,,,,,,,,,,,,,,,,
P&ID Information,System Tag Number,4194,4196,,,,,,,,,,,,,,,,
P&ID Information,System Tag Number,2224,2226,,,,,,,,,,,,,,,,
P&ID Instrument,Continuation to typical piping arrangment,2394,2396,2398,2168,3728,,,,,,,,,,,,,
P&ID Instrument,Continuation to typical piping arrangment,2388,2390,2392,2166,2384,,,,,,,,,,,,,
P&ID Instrument,Equipment Tag Number,4166,4168,4170,4172,4174,4176,4178,,,,,,,,,,,
P&ID Instrument,Equipment Tag Number,4180,4182,4184,4186,4188,4190,4192,,,,,,,,,,,
P&ID Instrument,Indicator (General),4868,4870,4872,4874,4876,4878,,,,,,,,,,,,
P&ID Instrument,Indicator (General),4822,4824,4826,4828,4830,4832,,,,,,,,,,,,
P&ID Instrument,Indicator (General),4808,4810,4812,4814,4816,4818,,,,,,,,,,,,
P&ID Instrument,Indicator (General),4774,4776,4778,4780,4782,4784,,,,,,,,,,,,
P&ID Instrument,Indicator (General),4720,4722,4724,4726,4728,4730,,,,,,,,,,,,
P&ID Instrument,Indicator (General),4706,4708,4710,4712,4714,4716,,,,,,,,,,,,
P&ID Instrument,Indicator (General),4662,4664,4666,4668,4670,4672,,,,,,,,,,,,
P&ID Instrument,Indicator (General),4622,4624,4626,4628,4630,4632,,,,,,,,,,,,
P&ID Instrument,Indicator (General),1920,1922,1924,1926,,,,,,,,,,,,,,
P&ID Instrument,Indicator (General),2865,2867,2869,2871,,,,,,,,,,,,,,
P&ID Instrument,Indicator (General),2873,2875,2877,2879,,,,,,,,,,,,,,
P&ID Instrument,Indicator (General),6679,6681,6683,6685,,,,,,,,,,,,,,
P&ID Instrument,On Central Control,4600,4602,4604,4606,4608,,,,,,,,,,,,,
P&ID Instrument,On Central Control,692,694,696,698,700,,,,,,,,,,,,,
P&ID Instrument,On Central Control,2781,6801,2783,2785,2787,2789,,,,,,,,,,,,
P&ID Instrument,On Central Control,2791,6803,2793,2795,2797,2799,,,,,,,,,,,,
P&ID Instrument,On Central Control,1928,1930,1932,1934,1439,1181,,,,,,,,,,,,
P&ID Instrument,On Central Control,2328,2330,2332,2334,2336,2338,2340,,,,,,,,,,,
P&ID Instrument,On Central Control,2314,2316,2318,2320,2322,2324,2326,4360,,,,,,,,,,
P&ID Instrument,On Central Control,1583,1585,1587,1589,1591,,,,,,,,,,,,,
P&ID Instrument,On Central Control,666,668,670,672,674,,,,,,,,,,,,,
P&ID Instrument,On Central Control,6525,6527,6529,6531,6533,6535,6537,6289,,,,,,,,,,
P&ID Instrument,On Central Control,6513,6515,6517,6519,6521,6523,6329,,,,,,,,,,,
P&ID Instrument,On Central Control,652,654,656,658,660,,,,,,,,,,,,,
P&ID Instrument,On Central Control,6197,6199,6201,6203,6205,,,,,,,,,,,,,
P&ID Instrument,Pressure Gauge,1936,1938,1940,1942,1944,,,,,,,,,,,,,
P&ID Instrument,Stream Number,7261,7263,7367,,,,,,,,,,,,,,,
P&ID Instrument,Stream Number,3656,3658,,,,,,,,,,,,,,,,
P&ID Instrument,Stream Number,6419,6421,,,,,,,,,,,,,,,,
P&ID Instrument,Stream Number,6429,6431,,,,,,,,,,,,,,,,
P&ID Instrument,Stream Number,974,976,1910,,,,,,,,,,,,,,,
P&ID Instrument,Stream Number,978,980,2208,,,,,,,,,,,,,,,
P&ID Instrument,Stream Number,982,984,2206,,,,,,,,,,,,,,,
P&ID Instrument,Stream Number,1004,1006,1898,,,,,,,,,,,,,,,
P&ID Instrument,Stream Number,3610,3612,,,,,,,,,,,,,,,,
P&ID Line,Electric Signal,4894,4896,5268,5266,5264,5260,5262,4684,2210,,,,,,,,,
P&ID Line,Electric Signal,4320,4358,4356,4322,6153,1904,776,862,864,,,,,,,,,
P&ID Line,Electric Signal,686,688,6157,4610,6155,,,,,,,,,,,,,
P&ID Line,Electric Signal,2843,,,,,,,,,,,,,,,,,
P&ID Line,Electric Signal,2845,,,,,,,,,,,,,,,,,
P&ID Line,Electric Signal,4374,4376,2855,230,4414,4416,4410,4412,844,846,848,,,,,,,
P&ID Line,Electric Signal,264,678,2302,,,,,,,,,,,,,,,
P&ID Line,Electric Signal,170,172,6511,174,176,,2304,,,,,,,,,,,
P&ID Line,Electric Signal,1599,6505,6243,6241,,6277,,,,,,,,,,,,
P&ID Line,Electric Signal,6207,,,,,,,,,,,,,,,,,
P&ID Line,Electric Signal,662,438,,,,,,,,,,,,,,,,
P&ID Line,flow indicator,1008,,,,,,,,,,,,,,,,,
P&ID Line,flow indicator,4042,,,,,,,,,,,,,,,,,
P&ID Line,flow indicator,3934,,,,,,,,,,,,,,,,,
P&ID Line,flow indicator,6209,,,,,,,,,,,,,,,,,
P&ID Line,flow indicator,6445,,,,,,,,,,,,,,,,,
P&ID Line,flow indicator,554,,,,,,,,,,,,,,,,,
P&ID Line,flow indicator,3696,,,,,,,,,,,,,,,,,
P&ID Line,flow indicator,6577,,,,,,,,,,,,,,,,,
P&ID Line,flow indicator,6545,,,,,,,,,,,,,,,,,
P&ID Line,flow indicator,6965,,,,,,,,,,,,,,,,,
P&ID Line,flow indicator,406,,,,,,,,,,,,,,,,,
P&ID Line,flow indicator,1104,,,,,,,,,,,,,,,,,
P&ID Line,flow indicator,372,,,,,,,,,,,,,,,,,
P&ID Line,flow indicator,3211,,,,,,,,,,,,,,,,,
P&ID Line,flow indicator,104,,,,,,,,,,,,,,,,,
P&ID Line,flow indicator,1507,72,,,,,,,,,,,,,,,,
P&ID Line,flow indicator,3730,,,,,,,,,,,,,,,,,
P&ID Line,flow indicator,1072,,,,,,,,,,,,,,,,,
P&ID Line,flow indicator,3083,,,,,,,,,,,,,,,,,
P&ID Line,flow indicator,3782,,,,,,,,,,,,,,,,,
P&ID Line,flow indicator,1040,,,,,,,,,,,,,,,,,
P&ID Line,flow indicator,3616,,,,,,,,,,,,,,,,,
P&ID Line,flow indicator,3662,,,,,,,,,,,,,,,,,
P&ID Line,flow indicator,1948,,,,,,,,,,,,,,,,,
P&ID Line,flow indicator,,3179,,,,,,,,,,,,,,,,
P&ID Line,flow indicator,1377,,,,,,,,,,,,,,,,,
P&ID Line,flow indicator,,1633,,,,,,,,,,,,,,,,
P&ID Line,flow indicator,3115,,,,,,,,,,,,,,,,,
P&ID Line,flow indicator,3147,,,,,,,,,,,,,,,,,
P&ID Line,flow indicator,1601,,,,,,,,,,,,,,,,,
P&ID Line,flow indicator,7405,7437,,,,,,,,,,,,,,,,
P&ID Line,flow indicator,7267,,,,,,,,,,,,,,,,,
P&ID Line,flow indicator,7369,,,,,,,,,,,,,,,,,
P&ID Line,flow indicator,7101,,,,,,,,,,,,,,,,,
P&ID Line,flow indicator,7019,,,,,,,,,,,,,,,,,
P&ID Line,flow indicator,7057,,,,,,,,,,,,,,,,,
P&ID Line,flow indicator,3572,,,,,,,,,,,,,,,,,
P&ID Line,flow indicator,6121,,,,,,,,,,,,,,,,,
P&ID Line,flow indicator,6163,,,,,,,,,,,,,,,,,
P&ID Line,flow indicator,10,,,,,,,,,,,,,,,,,
P&ID Line,flow indicator,4114,,,,,,,,,,,,,,,,,
P&ID Line,flow indicator,2729,,,,,,,,,,,,,,,,,
P&ID Line,flow indicator,4324,,,,,,,,,,,,,,,,,
P&ID Line,flow indicator,3249,,,,,,,,,,,,,,,,,
P&ID Line,flow indicator,780,,,,,,,,,,,,,,,,,
P&ID Line,flow indicator,812,,,,,,,,,,,,,,,,,
P&ID Line,flow indicator,4564,,,,,,,,,,,,,,,,,
P&ID Line,flow indicator,3453,,,,,,,,,,,,,,,,,
P&ID Line,flow indicator,4378,,,,,,,,,,,,,,,,,
P&ID Line,flow indicator,232,,,,,,,,,,,,,,,,,
P&ID Line,flow indicator,904,,,,,,,,,,,,,,,,,
P&ID Line,flow indicator,266,,,,,,,,,,,,,,,,,
P&ID Line,flow indicator,3281,,,,,,,,,,,,,,,,,
P&ID Line,flow indicator,3313,,,,,,,,,,,,,,,,,
P&ID Line,flow indicator,196,,,,,,,,,,,,,,,,,
P&ID Line,flow indicator,6245,,,,,,,,,,,,,,,,,
P&ID Line,flow indicator,510,,,,,,,,,,,,,,,,,
P&ID Line,flow indicator,3898,,,,,,,,,,,,,,,,,
P&ID Line,flow indicator,3970,,,,,,,,,,,,,,,,,
P&ID Line,flow indicator,4006,,,,,,,,,,,,,,,,,
P&ID Line,flow indicator,4078,,,,,,,,,,,,,,,,,
P&ID Line,Heat/Cooling Jacket,5384,5382,5390,5388,5386,,,,,,,,,,,,,
P&ID Line,Heat/Cooling Jacket,7511,7513,7479,7515,7547,,,,,,,,,,,,,
P&ID Line,Instrument Connector,4880,,,,,,,,,,,,,,,,,
P&ID Line,Instrument Connector,4834,,,,,,,,,,,,,,,,,
P&ID Line,Instrument Connector,4820,,,,,,,,,,,,,,,,,
P&ID Line,Instrument Connector,4786,,,,,,,,,,,,,,,,,
P&ID Line,Instrument Connector,4732,,,,,,,,,,,,,,,,,
P&ID Line,Instrument Connector,4718,,,,,,,,,,,,,,,,,
P&ID Line,Instrument Connector,4674,,,,,,,,,,,,,,,,,
P&ID Line,Instrument Connector,4634,,,,,,,,,,,,,,,,,
P&ID Line,Instrument Connector,64,,,,,,,,,,,,,,,,,
P&ID Line,Instrument Connector,684,,,,,,,,,,,,,,,,,
P&ID Line,Instrument Connector,690,1850,,,,,,,,,,,,,,,,
P&ID Line,Instrument Connector,4308,4316,,,,,,,,,,,,,,,,
P&ID Line,Instrument Connector,4310,4312,,,,,,,,,,,,,,,,
P&ID Line,Instrument Connector,2306,2851,,,,,,,,,,,,,,,,
P&ID Line,Instrument Connector,2308,2853,,,,,,,,,,,,,,,,
P&ID Line,Instrument Connector,4362,4370,,,,,,,,,,,,,,,,
P&ID Line,Instrument Connector,4364,4366,,,,,,,,,,,,,,,,
P&ID Line,Instrument Connector,1593,,,,,,,,,,,,,,,,,
P&ID Line,Instrument Connector,6677,1189,,,,,,,,,,,,,,,,
P&ID Line,Instrument Connector,366,676,3532,,,,,,,,,,,,,,,
P&ID Line,Instrument Connector,664,856,2839,,,,,,,,,,,,,,,
P&ID Line,Piping,1431,1437,,,,,,,,,,,,,,,,
P&ID Line,Piping,1253,,,,,,,,,,,,,,,,,
P&ID Line,Piping,3824,2078,3814,,,,,,,,,,,,,,,
P&ID Line,Piping,3932,2056,3930,,,,,,,,,,,,,,,
P&ID Line,Piping,3968,,2174,3966,,,,,,,,,,,,,,
P&ID Line,Piping,4004,2178,4002,,,,,,,,,,,,,,,
P&ID Line,Piping,4040,2182,4038,,,,,,,,,,,,,,,
P&ID Line,Piping,4076,,2186,4074,,,,,,,,,,,,,,
P&ID Line,Piping,4112,2196,4110,,,,,,,,,,,,,,,
P&ID Line,Piping,4148,2200,4146,,,,,,,,,,,,,,,
P&ID Line,Piping,1146,2072,2054,2038,2022,2006,1144,1142,1988,6161,6159,5360,2,5364,770,,1148,
P&ID Line,Piping,2074,2614,,,,,,,,,,,,,,,,
P&ID Line,Piping,2076,,,,,,,,,,,,,,,,,
P&ID Line,Piping,2628,,,,,,,,,,,,,,,,,
P&ID Line,Piping,6039,2626,,,,,,,,,,,,,,,,
P&ID Line,Piping,4866,4882,4910,4884,,,,,,,,,,,,,,
P&ID Line,Piping,2172,4560,,,,,,,,,,,,,,,,
P&ID Line,Piping,2655,,,,,,,,,,,,,,,,,
P&ID Line,Piping,2713,,,,,,,,,,,,,,,,,
P&ID Line,Piping,6037,7573,,,,,,,,,,,,,,,,
P&ID Line,Piping,4846,4848,4958,4850,,,,,,,,,,,,,,
P&ID Line,Piping,2176,4558,,,,,,,,,,,,,,,,
P&ID Line,Piping,2653,,,,,,,,,,,,,,,,,
P&ID Line,Piping,2715,,,,,,,,,,,,,,,,,
P&ID Line,Piping,6035,7624,,,,,,,,,,,,,,,,
P&ID Line,Piping,4788,4800,5134,4802,,,,,,,,,,,,,,
P&ID Line,Piping,2180,4556,,,,,,,,,,,,,,,,
P&ID Line,Piping,2651,,,,,,,,,,,,,,,,,
P&ID Line,Piping,2717,,,,,,,,,,,,,,,,,
P&ID Line,Piping,6033,7675,,,,,,,,,,,,,,,,
P&ID Line,Piping,4754,4766,5002,4768,,,,,,,,,,,,,,
P&ID Line,Piping,2184,4554,,,,,,,,,,,,,,,,
P&ID Line,Piping,2649,,,,,,,,,,,,,,,,,
P&ID Line,Piping,2719,,,,,,,,,,,,,,,,,
P&ID Line,Piping,6031,7726,,,,,,,,,,,,,,,,
P&ID Line,Piping,4734,4746,5046,4748,,,,,,,,,,,,,,
P&ID Line,Piping,2188,4552,,,,,,,,,,,,,,,,
P&ID Line,Piping,2647,,,,,,,,,,,,,,,,,
P&ID Line,Piping,2721,,,,,,,,,,,,,,,,,
P&ID Line,Piping,6029,7777,,,,,,,,,,,,,,,,
P&ID Line,Piping,4686,4698,5090,4700,,,,,,,,,,,,,,
P&ID Line,Piping,2198,4550,,,,,,,,,,,,,,,,
P&ID Line,Piping,2645,,,,,,,,,,,,,,,,,
P&ID Line,Piping,2723,,,,,,,,,,,,,,,,,
P&ID Line,Piping,6027,7828,,,,,,,,,,,,,,,,
P&ID Line,Piping,4650,4676,5178,4678,,,,,,,,,,,,,,
P&ID Line,Piping,2202,2725,,,,,,,,,,,,,,,,
P&ID Line,Piping,2643,,,,,,,,,,,,,,,,,
P&ID Line,Piping,2727,,,,,,,,,,,,,,,,,
P&ID Line,Piping,6025,7879,,,,,,,,,,,,,,,,
P&ID Line,Piping,4612,4614,5222,4616,,,,,,,,,,,,,,
P&ID Line,Piping,4898,4908,4956,5132,5000,5044,5088,5176,5220,4648,4646,5362,,,,,,
P&ID Line,Piping,48,52,,,,,,,,,,,,,,,,
P&ID Line,Piping,54,56,,,,,,,,,,,,,,,,
P&ID Line,Piping,58,62,,,,,,,,,,,,,,,,
P&ID Line,Piping,4598,68,,,,,,,,,,,,,,,,
P&ID Line,Piping,7011,7051,7053,7137,8086,7055,,,,,,,,,,,,
P&ID Line,Piping,7013,7091,7139,7089,7093,8088,,,,,,,,,,,,
P&ID Line,Piping,7015,,7099,7095,7097,7141,8090,,,,,,,,,,,
P&ID Line,Piping,7017,7133,7135,7403,8094,7401,,,,,,,,,,,,
P&ID Line,Piping,7265,,,,,,,,,,,,,,,,,
P&ID Line,Piping,6963,6945,7405,7143,8084,,,,,,,,,,,,,
P&ID Line,Piping,1902,1986,3778,1906,4,1375,,772,866,874,876,,,,,,,
P&ID Line,Piping,3780,6,774,896,898,,,,,,,,,,,,,
P&ID Line,Piping,3081,2857,1946,1980,900,902,1150,,,,,,,,,,,
P&ID Line,Piping,3660,3694,,,,,,,,,,,,,,,,
P&ID Line,Piping,3614,3648,,,,,,,,,,,,,,,,
P&ID Line,Piping,1319,2849,4596,8,,936,778,,,,,,,,,,,
P&ID Line,Piping,1275,1279,1281,,,,,,,,,,,,,,,
P&ID Line,Piping,1277,,,,,,,,,,,,,,,,,
P&ID Line,Piping,1409,1365,1425,,,,,,,,,,,,,,,
P&ID Line,Piping,3776,1363,,,,,,,,,,,,,,,,
P&ID Line,Piping,2847,1868,,,368,868,,,,,,,,,,,,
P&ID Line,Piping,2811,2813,,,,,,,,,,,,,,,,
P&ID Line,Piping,1140,,,,,,,,,,,,,,,,,
P&ID Line,Piping,164,142,,,,,,,,,,,,,,,,
P&ID Line,Piping,160,,,,,,,,,,,,,,,,,
P&ID Line,Piping,150,,,,,,,,,,,,,,,,,
P&ID Line,Piping,140,,,,,,,,,,,,,,,,,
P&ID Line,Piping,70,7469,1505,,,,,,,,,,,,,,,
P&ID Line,Piping,1982,2861,2863,136,370,,,168,,,,,,,,,,
P&ID Line,Piping,1487,2474,,,,,,,,,,,,,,,,
P&ID Line,Piping,1908,,,,,,,,,,,,,,,,,
P&ID Line,Piping,1465,,,,,,,,,,,,,,,,,
P&ID Line,Piping,2472,,,,,,,,,,,,,,,,,
P&ID Line,Piping,1251,,,,,,,,,,,,,,,,,
P&ID Line,Piping,6943,7007,6953,,8078,,,,,,,,,,,,,
P&ID Line,Piping,1479,,,,,,,,,,,,,,,,,
P&ID Line,Piping,2859,,,,,,,,,,,,,,,,,
P&ID Line,Piping,6961,6997,,,,,,,,,,,,,,,,
P&ID Line,Piping,6811,,,,,,,,,,,,,,,,,
P&ID Line,Piping,6959,,,,,,,,,,,,,,,,,
P&ID Line,Piping,6425,6477,,,,,,,,,,,,,,,,
P&ID Line,Piping,6435,,6479,,,,,,,,,,,,,,,
P&ID Line,Piping,6417,,,,,,,,,,,,,,,,,
P&ID Line,Piping,6427,,,,,,,,,,,,,,,,,
P&ID Line,Piping,6437,,,,,,,,,,,,,,,,,
P&ID Line,Piping,6441,6443,,6805,,,,,,,,,,,,,,
P&ID Line,Piping,6287,6285,6283,,,,,,,,,,,,,,,
P&ID Line,Piping,298,1900,1984,7958,3347,,364,6281,,,,,,,,,,
P&ID Line,Piping,650,2833,680,,,,,,,,,,,,,,,
P&ID Line,Piping,2835,,,,,,,,,,,,,,,,,
P&ID Line,Piping,550,442,444,,,,,,,,,,,,,,,
P&ID Line,Piping,480,1689,,,,,,,,,,,,,,,,
P&ID Line,Piping,490,,,,,,,,,,,,,,,,,
P&ID Line,Piping,508,,,,,,,,,,,,,,,,,
P&ID Line,Piping,544,,,,,,,,,,,,,,,,,
P&ID Line,Piping,440,552,,,,,,,,,,,,,,,,
P&ID Line,Piping,548,404,,852,,,,,,,,,,,,,,
P&ID Line,Piping,2881,,682,870,872,,,,,,,,,,,,,
P&ID Line,Piping,228,,,,,,,,,,,,,,,,,
P&ID Line,Piping,860,,,,,,,,,,,,,,,,,
P&ID Line,Piping,186,,,,,,,,,,,,,,,,,
P&ID Line,Piping,178,1702,,,,,,,,,,,,,,,,
P&ID Line,Piping,1485,,,,,,,,,,,,,,,,,
P&ID Line,Piping,1441,,,,,,,,,,,,,,,,,
P&ID Line,Piping,1187,1451,,,,,,,,,,,,,,,,
P&ID Line,Piping,3762,,,,,,,,,,,,,,,,,
P&ID Line,Tracing Line,6541,6543,,,,,,,,,,,,,,,,
P&ID Line,Tracing Line,6327,,,,,,,,,,,,,,,,,
P&ID Valve,Angle Valve,1489,1491,1493,1495,1497,1499,2364,,,,,,,,,,,
P&ID Valve,Automatic Actuator,486,488,,,,,,,,,,,,,,,,
P&ID Valve,Ball Valve,66,4240,7557,2344,,,,,,,,,,,,,,
P&ID Valve,Ball Valve,60,4242,1669,1670,7559,2346,,,,,,,,,,,,
P&ID Valve,Ball Valve,6423,6767,6485,7978,,,,,,,,,,,,,,
P&ID Valve,Ball Valve,6433,6765,6483,7976,,,,,,,,,,,,,,
P&ID Valve,Ball Valve,6439,6763,6491,6481,7974,,,,,,,,,,,,,
P&ID Valve,Butterfly Valve,5356,5292,5334,5290,2106,2456,7567,,,,,,,,,,,
P&ID Valve,Butterfly Valve,5415,5481,5417,5459,2104,2454,7618,,,,,,,,,,,
P&ID Valve,Butterfly Valve,5505,5571,5507,5549,2102,2452,7669,,,,,,,,,,,
P&ID Valve,Butterfly Valve,5661,5597,5639,5595,2100,2450,7720,,,,,,,,,,,
P&ID Valve,Butterfly Valve,5751,5687,5729,5685,2098,2448,7771,,,,,,,,,,,
P&ID Valve,Butterfly Valve,5841,5777,5819,5775,2212,2446,7822,,,,,,,,,,,
P&ID Valve,Butterfly Valve,5931,5867,5909,5865,2214,2444,7873,,,,,,,,,,,
P&ID Valve,Butterfly Valve,6021,5957,5999,5955,2004,2342,7924,,,,,,,,,,,
P&ID Valve,Butterfly Valve,3385,3451,3387,3429,1351,2354,7946,,,,,,,,,,,
P&ID Valve,Butterfly Valve,2923,2967,2925,2989,2372,7980,,,,,,,,,,,,
P&ID Valve,Butterfly Valve,3011,3055,3013,3077,2386,7984,,,,,,,,,,,,
P&ID Valve,Check Valve,42,44,7561,,,,,,,,,,,,,,,
P&ID Valve,Check Valve,1501,1503,7968,,,,,,,,,,,,,,,
P&ID Valve,Closing Upon Loss Of Powering Medium,488,1816,,,,,,,,,,,,,,,,
P&ID Valve,Closing Upon Loss Of Powering Medium,182,894,1784,,,,,,,,,,,,,,,
P&ID Valve,Closing Upon Loss Of Powering Medium,888,146,1752,,,,,,,,,,,,,,,
P&ID Valve,Gate Valve,542,546,2374,7990,,,,,,,,,,,,,,
P&ID Valve,Gate Valve,1912,1918,7988,1698,2378,1691,1692,,,,,,,,,,,
P&ID Valve,Gate Valve,482,484,7986,2380,854,,,,,,,,,,,,,
P&ID Valve,Gate Valve,162,166,7960,2368,,,,,,,,,,,,,,
P&ID Valve,Gate Valve,138,2170,1750,7962,2370,,,,,,,,,,,,,
P&ID Valve,Gate Valve,2769,2771,7964,2366,,,,,,,,,,,,,,
P&ID Valve,Gate Valve,7551,7549,7966,7475,,,,,,,,,,,,,,
P&ID Valve,Gate Valve,1455,1453,7972,2362,,,,,,,,,,,,,,
P&ID Valve,Gate Valve,1471,1469,1473,2358,7950,,,,,,,,,,,,,
P&ID Valve,Gate Valve,1483,1481,2360,7970,,,,,,,,,,,,,,
P&ID Valve,Gate Valve,1435,1429,2356,7944,,,,,,,,,,,,,,
P&ID Valve,Gate Valve,6949,6947,6951,7952,,,,,,,,,,,,,,
P&ID Valve,Globe Valve,2624,4218,2634,2638,2639,7569,,,,,,,,,,,,
P&ID Valve,Globe Valve,7596,7571,7583,7584,7620,7579,,,,,,,,,,,,
P&ID Valve,Globe Valve,7622,7647,7634,7635,7630,7671,,,,,,,,,,,,
P&ID Valve,Globe Valve,7673,7698,7685,7686,7681,7722,,,,,,,,,,,,
P&ID Valve,Globe Valve,7724,7749,7736,7737,7732,7773,,,,,,,,,,,,
P&ID Valve,Globe Valve,7775,7800,7787,7788,7783,7824,,,,,,,,,,,,
P&ID Valve,Globe Valve,7826,7851,7838,7839,7834,7875,,,,,,,,,,,,
P&ID Valve,Globe Valve,7877,7902,7889,7890,7885,7926,,,,,,,,,,,,
P&ID Valve,Globe Valve,4900,4926,4902,4904,4906,7928,,,,,,,,,,,,
P&ID Valve,Globe Valve,4948,4970,7930,4950,4952,4954,,,,,,,,,,,,
P&ID Valve,Globe Valve,5146,5124,5126,5128,5130,7932,,,,,,,,,,,,
P&ID Valve,Globe Valve,4992,5014,4994,4996,4998,7934,,,,,,,,,,,,
P&ID Valve,Globe Valve,5036,5058,5038,5040,5042,7936,,,,,,,,,,,,
P&ID Valve,Globe Valve,5080,5102,5082,5084,5086,7938,,,,,,,,,,,,
P&ID Valve,Globe Valve,5168,5190,5170,5172,5174,7940,,,,,,,,,,,,
P&ID Valve,Globe Valve,5212,5234,5214,5216,5218,7942,,,,,,,,,,,,
P&ID Valve,Globe Valve,46,4286,7565,2348,,,,,,,,,,,,,,
P&ID Valve,Globe Valve,50,4254,1676,1677,2350,7563,,,,,,,,,,,,
P&ID Valve,Globe Valve,1283,1295,1353,2352,7948,,,,,,,,,,,,,
P&ID Valve,Globe Valve,6847,6849,6851,6853,6855,6869,7954,6813,,,,,,,,,,
P&ID Valve,Globe Valve,6279,6305,6331,6503,,,,,,,,,,,,,,
P&ID Valve,Globe Valve,1700,1722,1710,7982,2376,,,,,,,,,,,,,
P&ID Valve,Globe Valve,446,458,3485,3486,2382,7992,,,,,,,,,,,,
P&ID Valve,Globe Valve,2280,2268,2841,1136,,,,,,,,,,,,,,
P&ID Valve,Globe Valve,184,3544,3345,2815,,,,,,,,,,,,,,
P&ID Valve,Globe Valve,148,3510,1138,3488,,,,,,,,,,,,,,
P&ID Valve,Hand Operated,1539,1541,,,,,,,,,,,,,,,,
P&ID Valve,Hand Operated,890,892,180,182,894,,,,,,,,,,,,,
P&ID Valve,Hand Operated,886,144,888,146,884,,,,,,,,,,,,,
P&ID Valve,Pneumatic Actuator,4856,4858,4860,4862,4864,,,,,,,,,,,,,
P&ID Valve,Pneumatic Actuator,4636,4638,4640,4642,4644,,,,,,,,,,,,,
P&ID Valve,Pneumatic Actuator,4790,4792,4794,4796,4798,,,,,,,,,,,,,
P&ID Valve,Pneumatic Actuator,4756,4758,4760,4762,4764,,,,,,,,,,,,,
P&ID Valve,Pneumatic Actuator,4736,4738,4740,4742,4744,,,,,,,,,,,,,
P&ID Valve,Pneumatic Actuator,4688,4690,4692,4694,4696,,,,,,,,,,,,,
P&ID Valve,Pneumatic Actuator,4652,4654,4656,4658,4660,,,,,,,,,,,,,
P&ID Valve,Pneumatic Actuator,4836,4838,4840,4842,4844,,,,,,,,,,,,,
P&ID Valve,Pressure Relief Valve,2080,2082,2084,2086,2088,2090,2092,,,,,,,,,,,
P&ID Valve,Pressure Relief Valve,2058,2060,2062,2064,2066,2068,2070,,,,,,,,,,,
P&ID Valve,Pressure Relief Valve,2040,2042,2044,2046,2048,2050,2052,,,,,,,,,,,
P&ID Valve,Pressure Relief Valve,2024,2026,2028,2030,2032,2034,2036,,,,,,,,,,,
P&ID Valve,Pressure Relief Valve,2008,2010,2012,2014,2016,2018,2020,,,,,,,,,,,
P&ID Valve,Pressure Relief Valve,1870,1872,1874,1876,1878,1880,1882,,,,,,,,,,,
P&ID Valve,Pressure Relief Valve,1884,1886,1888,1890,1892,1894,1896,,,,,,,,,,,
P&ID Valve,Pressure Relief Valve,1990,1992,1994,1996,1998,2000,2002,,,,,,,,,,,
P&ID Valve,Safety Valve,6859,6861,6863,6865,6867,6857,6871,7956,,,,,,,,,,
P&ID Valve,Tundish Drain,3604,3606,3608,,,,,,,,,,,,,,,
P&ID Valve,Tundish Drain,3650,3652,3654,,,,,,,,,,,,,,,
