Category,Name,Identifiers,,,,,,,,,,,,,,,,,,,,,,,,,,,,,,,,,,,,,,,,,,,,,,,,,,,
P&ID Connector,Blind Flange,382,,,,,,,,,,,,,,,,,,,,,,,,,,,,,,,,,,,,,,,,,,,,,,,,,,,
P&ID Connector,Concentric Reducer,3626,3638,,,,,,,,,,,,,,,,,,,,,,,,,,,,,,,,,,,,,,,,,,,,,,,,,,
P&ID Connector,Concentric Reducer,3628,3636,,,,,,,,,,,,,,,,,,,,,,,,,,,,,,,,,,,,,,,,,,,,,,,,,,
P&ID Connector,Concentric Reducer,3630,3640,,,,,,,,,,,,,,,,,,,,,,,,,,,,,,,,,,,,,,,,,,,,,,,,,,
P&ID Connector,Concentric Reducer,3642,3644,,,,,,,,,,,,,,,,,,,,,,,,,,,,,,,,,,,,,,,,,,,,,,,,,,
P&ID Connector,Concentric Reducer,154,156,158,160,176,,,,,,,,,,,,,,,,,,,,,,,,,,,,,,,,,,,,,,,,,,,,,,,
P&ID Connector,Concentric Reducer,1586,1588,1590,1592,2252,,,,,,,,,,,,,,,,,,,,,,,,,,,,,,,,,,,,,,,,,,,,,,,
P&ID Connector,Concentric Reducer,1596,1598,1600,1602,2228,,,,,,,,,,,,,,,,,,,,,,,,,,,,,,,,,,,,,,,,,,,,,,,
P&ID Connector,Concentric Reducer,1627,1629,1631,1633,2254,,,,,,,,,,,,,,,,,,,,,,,,,,,,,,,,,,,,,,,,,,,,,,,
P&ID Connector,Concentric Reducer,1635,1637,1639,1641,2226,,,,,,,,,,,,,,,,,,,,,,,,,,,,,,,,,,,,,,,,,,,,,,,
P&ID Connector,Concentric Reducer,2230,2232,2234,2236,2262,,,,,,,,,,,,,,,,,,,,,,,,,,,,,,,,,,,,,,,,,,,,,,,
P&ID Connector,Concentric Reducer,2240,2242,2244,2246,2248,,,,,,,,,,,,,,,,,,,,,,,,,,,,,,,,,,,,,,,,,,,,,,,
P&ID Connector,Concentric Reducer,2426,2428,2430,2432,,,,,,,,,,,,,,,,,,,,,,,,,,,,,,,,,,,,,,,,,,,,,,,,
P&ID Connector,Concentric Reducer,2434,2436,2438,2440,,,,,,,,,,,,,,,,,,,,,,,,,,,,,,,,,,,,,,,,,,,,,,,,
P&ID Connector,Concentric Reducer,2844,2846,2848,2850,2852,,,,,,,,,,,,,,,,,,,,,,,,,,,,,,,,,,,,,,,,,,,,,,,
P&ID Connector,Concentric Reducer,2858,2860,2862,2864,2866,,,,,,,,,,,,,,,,,,,,,,,,,,,,,,,,,,,,,,,,,,,,,,,
P&ID Connector,Concentric Reducer,2938,2940,2942,2944,,,,,,,,,,,,,,,,,,,,,,,,,,,,,,,,,,,,,,,,,,,,,,,,
P&ID Connector,Concentric Reducer,3244,3246,3248,3250,3254,,,,,,,,,,,,,,,,,,,,,,,,,,,,,,,,,,,,,,,,,,,,,,,
P&ID Connector,Concentric Reducer,388,390,392,394,3632,,,,,,,,,,,,,,,,,,,,,,,,,,,,,,,,,,,,,,,,,,,,,,,
P&ID Connector,Concentric Reducer,396,398,400,402,3426,,,,,,,,,,,,,,,,,,,,,,,,,,,,,,,,,,,,,,,,,,,,,,,
P&ID Connector,Concentric Reducer,408,410,412,414,3634,,,,,,,,,,,,,,,,,,,,,,,,,,,,,,,,,,,,,,,,,,,,,,,
P&ID Connector,Concentric Reducer,416,418,420,422,3424,,,,,,,,,,,,,,,,,,,,,,,,,,,,,,,,,,,,,,,,,,,,,,,
P&ID Connector,Flange,1004,1006,,,,,,,,,,,,,,,,,,,,,,,,,,,,,,,,,,,,,,,,,,,,,,,,,,
P&ID Connector,Flange,1494,1496,,,,,,,,,,,,,,,,,,,,,,,,,,,,,,,,,,,,,,,,,,,,,,,,,,
P&ID Connector,Flange,2832,2834,,,,,,,,,,,,,,,,,,,,,,,,,,,,,,,,,,,,,,,,,,,,,,,,,,
P&ID Connector,Flange,2838,2840,,,,,,,,,,,,,,,,,,,,,,,,,,,,,,,,,,,,,,,,,,,,,,,,,,
P&ID Connector,Flange,3234,3236,,,,,,,,,,,,,,,,,,,,,,,,,,,,,,,,,,,,,,,,,,,,,,,,,,
P&ID Connector,Flange,4146,4148,,,,,,,,,,,,,,,,,,,,,,,,,,,,,,,,,,,,,,,,,,,,,,,,,,
P&ID Connector,Flange,4162,4164,,,,,,,,,,,,,,,,,,,,,,,,,,,,,,,,,,,,,,,,,,,,,,,,,,
P&ID Connector,Flange,4178,4180,,,,,,,,,,,,,,,,,,,,,,,,,,,,,,,,,,,,,,,,,,,,,,,,,,
P&ID Connector,Flange,4190,4192,,,,,,,,,,,,,,,,,,,,,,,,,,,,,,,,,,,,,,,,,,,,,,,,,,
P&ID Connector,Flange,4194,4196,,,,,,,,,,,,,,,,,,,,,,,,,,,,,,,,,,,,,,,,,,,,,,,,,,
P&ID Connector,Flange,4198,4200,,,,,,,,,,,,,,,,,,,,,,,,,,,,,,,,,,,,,,,,,,,,,,,,,,
P&ID Connector,Flange,1616,1618,,,,,,,,,,,,,,,,,,,,,,,,,,,,,,,,,,,,,,,,,,,,,,,,,,
P&ID Connector,Flange,1620,1622,,,,,,,,,,,,,,,,,,,,,,,,,,,,,,,,,,,,,,,,,,,,,,,,,,
P&ID Connector,Flange,1653,1655,,,,,,,,,,,,,,,,,,,,,,,,,,,,,,,,,,,,,,,,,,,,,,,,,,
P&ID Connector,Manhole,48,50,52,54,1300,,,,,,,,,,,,,,,,,,,,,,,,,,,,,,,,,,,,,,,,,,,,,,,
P&ID Connector,Manhole,324,326,328,330,1314,,,,,,,,,,,,,,,,,,,,,,,,,,,,,,,,,,,,,,,,,,,,,,,
P&ID Connector,Manhole,2052,2054,2056,2058,1316,,,,,,,,,,,,,,,,,,,,,,,,,,,,,,,,,,,,,,,,,,,,,,,
P&ID Connector,Nozzle,44,46,,,,,,,,,,,,,,,,,,,,,,,,,,,,,,,,,,,,,,,,,,,,,,,,,,
P&ID Connector,Nozzle,334,336,,,,,,,,,,,,,,,,,,,,,,,,,,,,,,,,,,,,,,,,,,,,,,,,,,
P&ID Connector,Nozzle,374,376,426,,,,,,,,,,,,,,,,,,,,,,,,,,,,,,,,,,,,,,,,,,,,,,,,,
P&ID Connector,Nozzle,1206,1208,2342,,,,,,,,,,,,,,,,,,,,,,,,,,,,,,,,,,,,,,,,,,,,,,,,,
P&ID Connector,Nozzle,1210,1212,464,,,,,,,,,,,,,,,,,,,,,,,,,,,,,,,,,,,,,,,,,,,,,,,,,
P&ID Connector,Nozzle,1216,1218,244,,,,,,,,,,,,,,,,,,,,,,,,,,,,,,,,,,,,,,,,,,,,,,,,,
P&ID Connector,Nozzle,1220,1222,460,,,,,,,,,,,,,,,,,,,,,,,,,,,,,,,,,,,,,,,,,,,,,,,,,
P&ID Connector,Nozzle,4142,4144,,,,,,,,,,,,,,,,,,,,,,,,,,,,,,,,,,,,,,,,,,,,,,,,,,
P&ID Connector,Nozzle,4158,4160,,,,,,,,,,,,,,,,,,,,,,,,,,,,,,,,,,,,,,,,,,,,,,,,,,
P&ID Connector,Nozzle,4174,4176,,,,,,,,,,,,,,,,,,,,,,,,,,,,,,,,,,,,,,,,,,,,,,,,,,
P&ID Connector,Ring Spacer,1200,1202,1204,1198,,,,,,,,,,,,,,,,,,,,,,,,,,,,,,,,,,,,,,,,,,,,,,,,
P&ID Connector,Ring Spacer,3578,3576,3580,3582,,,,,,,,,,,,,,,,,,,,,,,,,,,,,,,,,,,,,,,,,,,,,,,,
P&ID Connector,Spectacle Blind (Normally Open),2888,2908,2892,2894,2896,,,,,,,,,,,,,,,,,,,,,,,,,,,,,,,,,,,,,,,,,,,,,,,
P&ID Connector,Suction Pipe,1322,1688,,,,,,,,,,,,,,,,,,,,,,,,,,,,,,,,,,,,,,,,,,,,,,,,,,
P&ID Connector,Suction Pipe,1324,,,,,,,,,,,,,,,,,,,,,,,,,,,,,,,,,,,,,,,,,,,,,,,,,,,
P&ID Connector,Suction Pipe,1326,1686,,,,,,,,,,,,,,,,,,,,,,,,,,,,,,,,,,,,,,,,,,,,,,,,,,
P&ID Connector,Suction Pipe,1328,,,,,,,,,,,,,,,,,,,,,,,,,,,,,,,,,,,,,,,,,,,,,,,,,,,
P&ID Connector,Suction Pipe,1330,466,,,,,,,,,,,,,,,,,,,,,,,,,,,,,,,,,,,,,,,,,,,,,,,,,,
P&ID Connector,Suction Pipe,1340,128,,,,,,,,,,,,,,,,,,,,,,,,,,,,,,,,,,,,,,,,,,,,,,,,,,
P&ID Connector,Tundish,2348,2350,2352,,,,,,,,,,,,,,,,,,,,,,,,,,,,,,,,,,,,,,,,,,,,,,,,,
P&ID Connector,Tundish,2484,2486,2488,,,,,,,,,,,,,,,,,,,,,,,,,,,,,,,,,,,,,,,,,,,,,,,,,
P&ID Equipment,EO Reactor,4,6,8,10,16,14,18,12,2,30,32,34,36,42,1306,1308,1386,1214,3484,40,38,322,332,340,346,20,22,24,26,28,794,796,798,800,802,804,806,808,810,812,814,816,818,820,822,824,826,828,830,832,1280,2060
P&ID Information,Border,3360,3362,3364,3366,4381,4383,3356,3358,4375,4377,4379,4385,,,,,,,,,,,,,,,,,,,,,,,,,,,,,,,,,,,,,,,,
P&ID Information,Border Of Package Unit,444,446,448,450,452,690,454,456,2064,458,2068,2072,990,2070,2066,2062,434,440,430,432,434,436,438,836,4110,442,688,428,834,,,,,,,,,,,,,,,,,,,,,,,
P&ID Information,Break,2880,2882,2884,2886,,,,,,,,,,,,,,,,,,,,,,,,,,,,,,,,,,,,,,,,,,,,,,,,
P&ID Information,Break,1412,1414,1416,,,,,,,,,,,,,,,,,,,,,,,,,,,,,,,,,,,,,,,,,,,,,,,,,
P&ID Information,Cloud,4273,4271,4269,4267,4265,4263,4261,4259,4257,4349,4347,4345,4343,4341,4339,4337,4335,4333,4331,4329,4327,4325,4323,4321,4319,4317,4315,4313,4311,4307,4305,4303,4301,4299,4297,4295,4293,4291,4289,4287,4285,4283,4281,4279,4277,4275,4309,,,,,
P&ID Information,Cloud,4351,4353,4355,4357,4359,,,,,,,,,,,,,,,,,,,,,,,,,,,,,,,,,,,,,,,,,,,,,,,
P&ID Information,Continuation Drawing,102,992,994,996,,,,,,,,,,,,,,,,,,,,,,,,,,,,,,,,,,,,,,,,,,,,,,,,
P&ID Information,Continuation Drawing,104,998,1000,1002,,,,,,,,,,,,,,,,,,,,,,,,,,,,,,,,,,,,,,,,,,,,,,,,
P&ID Information,Equipment Tag Number,2696,2684,2686,2688,2690,2692,2694,,,,,,,,,,,,,,,,,,,,,,,,,,,,,,,,,,,,,,,,,,,,,
P&ID Information,Equipment Tag Number,3536,3524,3526,3528,3530,3532,3534,,,,,,,,,,,,,,,,,,,,,,,,,,,,,,,,,,,,,,,,,,,,,
P&ID Information,General notes and text,2962,2958,2960,,,,,,,,,,,,,,,,,,,,,,,,,,,,,,,,,,,,,,,,,,,,,,,,,
P&ID Information,General notes and text,4391,2050,4393,2048,3370,,,,,,,,,,,,,,,,,,,,,,,,,,,,,,,,,,,,,,,,,,,,,,,
P&ID Information,Information Text,4387,4389,2046,1664,3368,,,,,,,,,,,,,,,,,,,,,,,,,,,,,,,,,,,,,,,,,,,,,,,
P&ID Information,Instrument Connector,1670,,,,,,,,,,,,,,,,,,,,,,,,,,,,,,,,,,,,,,,,,,,,,,,,,,,
P&ID Information,Instrument Connector,134,148,,,,,,,,,,,,,,,,,,,,,,,,,,,,,,,,,,,,,,,,,,,,,,,,,,
P&ID Information,Instrument Connector,4221,4223,,,,,,,,,,,,,,,,,,,,,,,,,,,,,,,,,,,,,,,,,,,,,,,,,,
P&ID Information,Instrument Connector,672,736,,,,,,,,,,,,,,,,,,,,,,,,,,,,,,,,,,,,,,,,,,,,,,,,,,
P&ID Information,Instrument Connector,656,734,,,,,,,,,,,,,,,,,,,,,,,,,,,,,,,,,,,,,,,,,,,,,,,,,,
P&ID Information,Instrument Connector,640,732,,,,,,,,,,,,,,,,,,,,,,,,,,,,,,,,,,,,,,,,,,,,,,,,,,
P&ID Information,Instrument Connector,1468,1484,,,,,,,,,,,,,,,,,,,,,,,,,,,,,,,,,,,,,,,,,,,,,,,,,,
P&ID Information,Instrument Connector,180,208,,,,,,,,,,,,,,,,,,,,,,,,,,,,,,,,,,,,,,,,,,,,,,,,,,
P&ID Information,Instrument Connector,348,350,2074,1194,2076,,,,,,,,,,,,,,,,,,,,,,,,,,,,,,,,,,,,,,,,,,,,,,,
P&ID Information,Instrument Connector,714,730,,,,,,,,,,,,,,,,,,,,,,,,,,,,,,,,,,,,,,,,,,,,,,,,,,
P&ID Information,Instrument Connector,698,1172,,,,,,,,,,,,,,,,,,,,,,,,,,,,,,,,,,,,,,,,,,,,,,,,,,
P&ID Information,Instrument Connector,626,1174,,,,,,,,,,,,,,,,,,,,,,,,,,,,,,,,,,,,,,,,,,,,,,,,,,
P&ID Information,Instrument Connector,534,560,,,,,,,,,,,,,,,,,,,,,,,,,,,,,,,,,,,,,,,,,,,,,,,,,,
P&ID Information,Instrument Connector,2640,2164,,,,,,,,,,,,,,,,,,,,,,,,,,,,,,,,,,,,,,,,,,,,,,,,,,
P&ID Information,Instrument Connector,78,130,,,,,,,,,,,,,,,,,,,,,,,,,,,,,,,,,,,,,,,,,,,,,,,,,,
P&ID Information,Instrument Connector,2096,2098,,,,,,,,,,,,,,,,,,,,,,,,,,,,,,,,,,,,,,,,,,,,,,,,,,
P&ID Information,Instrument Connector,4120,4118,4116,,,,,,,,,,,,,,,,,,,,,,,,,,,,,,,,,,,,,,,,,,,,,,,,,
P&ID Information,Instrument Connector,4124,4126,4128,,,,,,,,,,,,,,,,,,,,,,,,,,,,,,,,,,,,,,,,,,,,,,,,,
P&ID Information,Instrument Connector,4132,4134,4136,,,,,,,,,,,,,,,,,,,,,,,,,,,,,,,,,,,,,,,,,,,,,,,,,
P&ID Information,Instrument Connector,3240,,,,,,,,,,,,,,,,,,,,,,,,,,,,,,,,,,,,,,,,,,,,,,,,,,,
P&ID Information,Instrument Connector,2716,,,,,,,,,,,,,,,,,,,,,,,,,,,,,,,,,,,,,,,,,,,,,,,,,,,
P&ID Information,Note,2166,,,,,,,,,,,,,,,,,,,,,,,,,,,,,,,,,,,,,,,,,,,,,,,,,,,
P&ID Information,Note,558,,,,,,,,,,,,,,,,,,,,,,,,,,,,,,,,,,,,,,,,,,,,,,,,,,,
P&ID Information,Note,562,,,,,,,,,,,,,,,,,,,,,,,,,,,,,,,,,,,,,,,,,,,,,,,,,,,
P&ID Information,Note,2710,,,,,,,,,,,,,,,,,,,,,,,,,,,,,,,,,,,,,,,,,,,,,,,,,,,
P&ID Information,Note,3370,,,,,,,,,,,,,,,,,,,,,,,,,,,,,,,,,,,,,,,,,,,,,,,,,,,
P&ID Information,Note,2614,,,,,,,,,,,,,,,,,,,,,,,,,,,,,,,,,,,,,,,,,,,,,,,,,,,
P&ID Information,Note,3070,,,,,,,,,,,,,,,,,,,,,,,,,,,,,,,,,,,,,,,,,,,,,,,,,,,
P&ID Information,Note,2708,,,,,,,,,,,,,,,,,,,,,,,,,,,,,,,,,,,,,,,,,,,,,,,,,,,
P&ID Information,Note,3368,,,,,,,,,,,,,,,,,,,,,,,,,,,,,,,,,,,,,,,,,,,,,,,,,,,
P&ID Information,Note,2612,,,,,,,,,,,,,,,,,,,,,,,,,,,,,,,,,,,,,,,,,,,,,,,,,,,
P&ID Information,Note,3068,,,,,,,,,,,,,,,,,,,,,,,,,,,,,,,,,,,,,,,,,,,,,,,,,,,
P&ID Information,Note,2678,,,,,,,,,,,,,,,,,,,,,,,,,,,,,,,,,,,,,,,,,,,,,,,,,,,
P&ID Information,Note,2680,,,,,,,,,,,,,,,,,,,,,,,,,,,,,,,,,,,,,,,,,,,,,,,,,,,
P&ID Information,Note,2682,,,,,,,,,,,,,,,,,,,,,,,,,,,,,,,,,,,,,,,,,,,,,,,,,,,
P&ID Information,Note,364,,,,,,,,,,,,,,,,,,,,,,,,,,,,,,,,,,,,,,,,,,,,,,,,,,,
P&ID Information,Note,366,,,,,,,,,,,,,,,,,,,,,,,,,,,,,,,,,,,,,,,,,,,,,,,,,,,
P&ID Information,Note,368,,,,,,,,,,,,,,,,,,,,,,,,,,,,,,,,,,,,,,,,,,,,,,,,,,,
P&ID Information,Note,3050,,,,,,,,,,,,,,,,,,,,,,,,,,,,,,,,,,,,,,,,,,,,,,,,,,,
P&ID Information,Note,738,,,,,,,,,,,,,,,,,,,,,,,,,,,,,,,,,,,,,,,,,,,,,,,,,,,
P&ID Information,Note,242,,,,,,,,,,,,,,,,,,,,,,,,,,,,,,,,,,,,,,,,,,,,,,,,,,,
P&ID Information,Note,1196,,,,,,,,,,,,,,,,,,,,,,,,,,,,,,,,,,,,,,,,,,,,,,,,,,,
P&ID Information,Note,1342,,,,,,,,,,,,,,,,,,,,,,,,,,,,,,,,,,,,,,,,,,,,,,,,,,,
P&ID Information,Note,124,,,,,,,,,,,,,,,,,,,,,,,,,,,,,,,,,,,,,,,,,,,,,,,,,,,
P&ID Information,Note,4245,,,,,,,,,,,,,,,,,,,,,,,,,,,,,,,,,,,,,,,,,,,,,,,,,,,
P&ID Information,Note,2100,,,,,,,,,,,,,,,,,,,,,,,,,,,,,,,,,,,,,,,,,,,,,,,,,,,
P&ID Information,Note,132,,,,,,,,,,,,,,,,,,,,,,,,,,,,,,,,,,,,,,,,,,,,,,,,,,,
P&ID Information,Note,2720,,,,,,,,,,,,,,,,,,,,,,,,,,,,,,,,,,,,,,,,,,,,,,,,,,,
P&ID Information,Note,246,,,,,,,,,,,,,,,,,,,,,,,,,,,,,,,,,,,,,,,,,,,,,,,,,,,
P&ID Information,Note,252,,,,,,,,,,,,,,,,,,,,,,,,,,,,,,,,,,,,,,,,,,,,,,,,,,,
P&ID Information,Note,2854,,,,,,,,,,,,,,,,,,,,,,,,,,,,,,,,,,,,,,,,,,,,,,,,,,,
P&ID Information,Note,3072,,,,,,,,,,,,,,,,,,,,,,,,,,,,,,,,,,,,,,,,,,,,,,,,,,,
P&ID Information,Note,2868,,,,,,,,,,,,,,,,,,,,,,,,,,,,,,,,,,,,,,,,,,,,,,,,,,,
P&ID Information,Note,174,,,,,,,,,,,,,,,,,,,,,,,,,,,,,,,,,,,,,,,,,,,,,,,,,,,
P&ID Information,Note,172,,,,,,,,,,,,,,,,,,,,,,,,,,,,,,,,,,,,,,,,,,,,,,,,,,,
P&ID Information,Note,696,,,,,,,,,,,,,,,,,,,,,,,,,,,,,,,,,,,,,,,,,,,,,,,,,,,
P&ID Information,overlapped line,2890,,,,,,,,,,,,,,,,,,,,,,,,,,,,,,,,,,,,,,,,,,,,,,,,,,,
P&ID Information,overlapped line,3110,,,,,,,,,,,,,,,,,,,,,,,,,,,,,,,,,,,,,,,,,,,,,,,,,,,
P&ID Information,overlapped line,3154,,,,,,,,,,,,,,,,,,,,,,,,,,,,,,,,,,,,,,,,,,,,,,,,,,,
P&ID Information,overlapped line,1260,,,,,,,,,,,,,,,,,,,,,,,,,,,,,,,,,,,,,,,,,,,,,,,,,,,
P&ID Information,overlapped line,1242,,,,,,,,,,,,,,,,,,,,,,,,,,,,,,,,,,,,,,,,,,,,,,,,,,,
P&ID Information,overlapped line,2162,,,,,,,,,,,,,,,,,,,,,,,,,,,,,,,,,,,,,,,,,,,,,,,,,,,
P&ID Information,overlapped Reducer,3618,,,,,,,,,,,,,,,,,,,,,,,,,,,,,,,,,,,,,,,,,,,,,,,,,,,
P&ID Information,overlapped Reducer,3620,,,,,,,,,,,,,,,,,,,,,,,,,,,,,,,,,,,,,,,,,,,,,,,,,,,
P&ID Information,overlapped Reducer,3622,,,,,,,,,,,,,,,,,,,,,,,,,,,,,,,,,,,,,,,,,,,,,,,,,,,
P&ID Information,overlapped Reducer,3624,,,,,,,,,,,,,,,,,,,,,,,,,,,,,,,,,,,,,,,,,,,,,,,,,,,
P&ID Information,Piping Class Change,2556,2558,2588,2560,2584,2586,2530,2532,2590,2592,2596,2598,,,,,,,,,,,,,,,,,,,,,,,,,,,,,,,,,,,,,,,,
P&ID Information,Piping Class Change,494,496,526,498,522,524,468,470,528,530,1178,1176,532,,,,,,,,,,,,,,,,,,,,,,,,,,,,,,,,,,,,,,,
P&ID Information,Piping Class Change,3176,3262,3232,3200,3202,3230,3204,3228,4433,4431,,,,,,,,,,,,,,,,,,,,,,,,,,,,,,,,,,,,,,,,,,
P&ID Information,Revision Triangle,4361,4363,4365,,,,,,,,,,,,,,,,,,,,,,,,,,,,,,,,,,,,,,,,,,,,,,,,,
P&ID Information,Revision Triangle,4367,4369,4371,,,,,,,,,,,,,,,,,,,,,,,,,,,,,,,,,,,,,,,,,,,,,,,,,
P&ID Information,System Tag Number,1392,1394,,,,,,,,,,,,,,,,,,,,,,,,,,,,,,,,,,,,,,,,,,,,,,,,,,
P&ID Information,System Tag Number,1396,1398,,,,,,,,,,,,,,,,,,,,,,,,,,,,,,,,,,,,,,,,,,,,,,,,,,
P&ID Information,System Tag Number,1400,1402,,,,,,,,,,,,,,,,,,,,,,,,,,,,,,,,,,,,,,,,,,,,,,,,,,
P&ID Information,System Tag Number,1404,1406,,,,,,,,,,,,,,,,,,,,,,,,,,,,,,,,,,,,,,,,,,,,,,,,,,
P&ID Information,System Tag Number,1408,1410,,,,,,,,,,,,,,,,,,,,,,,,,,,,,,,,,,,,,,,,,,,,,,,,,,
P&ID Information,System Tag Number,1418,1420,,,,,,,,,,,,,,,,,,,,,,,,,,,,,,,,,,,,,,,,,,,,,,,,,,
P&ID Information,System Tag Number,1764,1766,,,,,,,,,,,,,,,,,,,,,,,,,,,,,,,,,,,,,,,,,,,,,,,,,,
P&ID Information,System Tag Number,2698,2700,,,,,,,,,,,,,,,,,,,,,,,,,,,,,,,,,,,,,,,,,,,,,,,,,,
P&ID Information,System Tag Number,2702,2704,,,,,,,,,,,,,,,,,,,,,,,,,,,,,,,,,,,,,,,,,,,,,,,,,,
P&ID Information,System Tag Number,3062,3064,,,,,,,,,,,,,,,,,,,,,,,,,,,,,,,,,,,,,,,,,,,,,,,,,,
P&ID Information,System Tag Number,3488,3574,,,,,,,,,,,,,,,,,,,,,,,,,,,,,,,,,,,,,,,,,,,,,,,,,,
P&ID Information,System Tag Number,3490,3572,,,,,,,,,,,,,,,,,,,,,,,,,,,,,,,,,,,,,,,,,,,,,,,,,,
P&ID Instrument,Continuation to typical piping arrangment,1282,1284,1286,1302,1502,,,,,,,,,,,,,,,,,,,,,,,,,,,,,,,,,,,,,,,,,,,,,,,
P&ID Instrument,Continuation to typical piping arrangment,1288,1290,1292,1296,1506,,,,,,,,,,,,,,,,,,,,,,,,,,,,,,,,,,,,,,,,,,,,,,,
P&ID Instrument,Diaphragm Seal,4225,4227,4229,4231,4233,4235,4237,4239,4241,4243,,,,,,,,,,,,,,,,,,,,,,,,,,,,,,,,,,,,,,,,,,
P&ID Instrument,Indicator (General),2872,2874,2876,2878,,,,,,,,,,,,,,,,,,,,,,,,,,,,,,,,,,,,,,,,,,,,,,,,
P&ID Instrument,Indicator (General),2604,2606,2608,2610,,,,,,,,,,,,,,,,,,,,,,,,,,,,,,,,,,,,,,,,,,,,,,,,
P&ID Instrument,Indicator (General),1274,1276,1278,,,,,,,,,,,,,,,,,,,,,,,,,,,,,,,,,,,,,,,,,,,,,,,,,
P&ID Instrument,Indicator (General),940,942,944,,,,,,,,,,,,,,,,,,,,,,,,,,,,,,,,,,,,,,,,,,,,,,,,,
P&ID Instrument,On Central Control,1672,1674,1676,1678,1680,1682,,,,,,,,,,,,,,,,,,,,,,,,,,,,,,,,,,,,,,,,,,,,,,
P&ID Instrument,On Central Control,136,138,140,142,144,146,,,,,,,,,,,,,,,,,,,,,,,,,,,,,,,,,,,,,,,,,,,,,,
P&ID Instrument,On Central Control,4247,4249,4251,4253,4255,,,,,,,,,,,,,,,,,,,,,,,,,,,,,,,,,,,,,,,,,,,,,,,
P&ID Instrument,On Central Control,196,198,200,202,204,206,,,,,,,,,,,,,,,,,,,,,,,,,,,,,,,,,,,,,,,,,,,,,,
P&ID Instrument,On Central Control,674,676,678,680,682,686,684,,,,,,,,,,,,,,,,,,,,,,,,,,,,,,,,,,,,,,,,,,,,,
P&ID Instrument,On Central Control,658,660,662,664,666,670,668,,,,,,,,,,,,,,,,,,,,,,,,,,,,,,,,,,,,,,,,,,,,,
P&ID Instrument,On Central Control,642,644,646,648,650,652,654,,,,,,,,,,,,,,,,,,,,,,,,,,,,,,,,,,,,,,,,,,,,,
P&ID Instrument,On Central Control,1470,1472,1474,1476,1478,1480,1482,,,,,,,,,,,,,,,,,,,,,,,,,,,,,,,,,,,,,,,,,,,,,
P&ID Instrument,On Central Control,182,184,186,188,190,192,,,,,,,,,,,,,,,,,,,,,,,,,,,,,,,,,,,,,,,,,,,,,,
P&ID Instrument,On Central Control,352,354,356,358,360,362,,,,,,,,,,,,,,,,,,,,,,,,,,,,,,,,,,,,,,,,,,,,,,
P&ID Instrument,On Central Control,716,718,720,722,724,726,2346,,,,,,,,,,,,,,,,,,,,,,,,,,,,,,,,,,,,,,,,,,,,,
P&ID Instrument,On Central Control,700,702,704,706,708,710,2344,,,,,,,,,,,,,,,,,,,,,,,,,,,,,,,,,,,,,,,,,,,,,
P&ID Instrument,On Central Control,628,630,632,634,636,638,692,,,,,,,,,,,,,,,,,,,,,,,,,,,,,,,,,,,,,,,,,,,,,
P&ID Instrument,On Central Control,536,538,540,542,544,546,,,,,,,,,,,,,,,,,,,,,,,,,,,,,,,,,,,,,,,,,,,,,,
P&ID Instrument,On Central Control,2150,2152,2154,2156,2158,2160,,,,,,,,,,,,,,,,,,,,,,,,,,,,,,,,,,,,,,,,,,,,,,
P&ID Instrument,On Central Control,62,64,66,68,70,72,,,,,,,,,,,,,,,,,,,,,,,,,,,,,,,,,,,,,,,,,,,,,,
P&ID Instrument,On Central Control,2084,2086,2088,2090,2092,2094,,,,,,,,,,,,,,,,,,,,,,,,,,,,,,,,,,,,,,,,,,,,,,
P&ID Instrument,On Central Control,2664,2666,2668,2670,2672,,,,,,,,,,,,,,,,,,,,,,,,,,,,,,,,,,,,,,,,,,,,,,,
P&ID Instrument,On Central Control,2654,2656,2658,2660,2662,,,,,,,,,,,,,,,,,,,,,,,,,,,,,,,,,,,,,,,,,,,,,,,
P&ID Instrument,On Central Control,2642,2644,2646,2648,2650,,,,,,,,,,,,,,,,,,,,,,,,,,,,,,,,,,,,,,,,,,,,,,,
P&ID Instrument,On Central Control,2628,2630,2632,2634,2636,,,,,,,,,,,,,,,,,,,,,,,,,,,,,,,,,,,,,,,,,,,,,,,
P&ID Instrument,On Central Control,2616,2618,2620,2622,2624,,,,,,,,,,,,,,,,,,,,,,,,,,,,,,,,,,,,,,,,,,,,,,,
P&ID Instrument,On Central Control,4166,4168,4170,4172,4138,4206,372,,,,,,,,,,,,,,,,,,,,,,,,,,,,,,,,,,,,,,,,,,,,,
P&ID Instrument,On Central Control,4150,4152,4154,4156,4140,4204,,,,,,,,,,,,,,,,,,,,,,,,,,,,,,,,,,,,,,,,,,,,,,
P&ID Instrument,On Central Control,4182,4184,4186,4188,370,4202,,,,,,,,,,,,,,,,,,,,,,,,,,,,,,,,,,,,,,,,,,,,,,
P&ID Instrument,Stream Number,2354,2356,,,,,,,,,,,,,,,,,,,,,,,,,,,,,,,,,,,,,,,,,,,,,,,,,,
P&ID Instrument,Stream Number,2490,2492,,,,,,,,,,,,,,,,,,,,,,,,,,,,,,,,,,,,,,,,,,,,,,,,,,
P&ID Instrument,Stream Number,3056,3058,3066,,,,,,,,,,,,,,,,,,,,,,,,,,,,,,,,,,,,,,,,,,,,,,,,,
P&ID Line,Electrical Signal,2140,2144,2626,2106,758,760,2138,,,,,,,,,,,,,,,,,,,,,,,,,,,,,,,,,,,,,,,,,,,,,
P&ID Line,Electrical Signal,2142,2082,,,,,,,,,,,,,,,,,,,,,,,,,,,,,,,,,,,,,,,,,,,,,,,,,,
P&ID Line,Electrical Signal,1170,762,2102,2104,1168,1192,152,150,,,,,,,,,,,,,,,,,,,,,,,,,,,,,,,,,,,,,,,,,,,,
P&ID Line,Electrical Signal,2676,844,1180,1182,842,,,,,,,,,,,,,,,,,,,,,,,,,,,,,,,,,,,,,,,,,,,,,,,
P&ID Line,Electrical Signal,2674,986,1184,1186,876,,,,,,,,,,,,,,,,,,,,,,,,,,,,,,,,,,,,,,,,,,,,,,,
P&ID Line,Electrical Signal,712,,,,,,,,,,,,,,,,,,,,,,,,,,,,,,,,,,,,,,,,,,,,,,,,,,,
P&ID Line,Electrical Signal,2652,908,1190,1188,988,,,,,,,,,,,,,,,,,,,,,,,,,,,,,,,,,,,,,,,,,,,,,,,
P&ID Line,Electrical Signal,694,,,,,,,,,,,,,,,,,,,,,,,,,,,,,,,,,,,,,,,,,,,,,,,,,,,
P&ID Line,Electrical Signal,2798,2210,2208,2206,2212,2214,2216,2174,2638,2170,2172,,,,,,,,,,,,,,,,,,,,,,,,,,,,,,,,,,,,,,,,,
P&ID Line,Electrical Signal,194,210,746,752,,,,,,,,,,,,,,,,,,,,,,,,,,,,,,,,,,,,,,,,,,,,,,,,
P&ID Line,Electrical Signal,1454,1422,,,,,,,,,,,,,,,,,,,,,,,,,,,,,,,,,,,,,,,,,,,,,,,,,,
P&ID Line,Electrical Signal,728,,,,,,,,,,,,,,,,,,,,,,,,,,,,,,,,,,,,,,,,,,,,,,,,,,,
P&ID Line,Electrical Signal,548,,,,,,,,,,,,,,,,,,,,,,,,,,,,,,,,,,,,,,,,,,,,,,,,,,,
P&ID Line,Electrical Signal,2148,2168,,,,,,,,,,,,,,,,,,,,,,,,,,,,,,,,,,,,,,,,,,,,,,,,,,
P&ID Line,Electrical Signal,60,,,,,,,,,,,,,,,,,,,,,,,,,,,,,,,,,,,,,,,,,,,,,,,,,,,
P&ID Line,Electrical Signal,984,1390,,,,,,,,,,,,,,,,,,,,,,,,,,,,,,,,,,,,,,,,,,,,,,,,,,
P&ID Line,Heat/Cooling Jacket,1668,1666,1456,1488,1458,1460,1818,2146,1462,,,,,,,,,,,,,,,,,,,,,,,,,,,,,,,,,,,,,,,,,,,
P&ID Line,Heat/Cooling Jacket,2276,2278,2270,2272,2274,2282,2280,,,,,,,,,,,,,,,,,,,,,,,,,,,,,,,,,,,,,,,,,,,,,
P&ID Line,Heat/Cooling Jacket,2012,1466,1486,1582,1584,,,,,,,,,,,,,,,,,,,,,,,,,,,,,,,,,,,,,,,,,,,,,,,
P&ID Line,Piping,380,,,,,,,,,,,,,,,,,,,,,,,,,,,,,,,,,,,,,,,,,,,,,,,,,,,
P&ID Line,Piping,2494,3238,,,,,,,,,,,,,,,,,,,,,,,,,,,,,,,,,,,,,,,,,,,,,,,,,,
P&ID Line,Piping,3252,3078,3258,3260,3170,3256,3168,,,,,,,,,,,,,,,,,,,,,,,,,,,,,,,,,,,,,,,,,,,,,
P&ID Line,Piping,3156,,,,,,,,,,,,,,,,,,,,,,,,,,,,,,,,,,,,,,,,,,,,,,,,,,,
P&ID Line,Piping,2722,2724,556,554,552,2726,2728,2730,2732,1550,1820,2734,2766,,,,,,,,,,,,,,,,,,,,,,,,,,,,,,,,,,,,,,,
P&ID Line,Piping,3430,3428,3450,3492,3438,3442,3436,3646,3616,3432,,,,,,,,,,,,,,,,,,,,,,,,,,,,,,,,,,,,,,,,,,
P&ID Line,Piping,3434,3584,3446,3448,3440,3570,,,,,,,,,,,,,,,,,,,,,,,,,,,,,,,,,,,,,,,,,,,,,,
P&ID Line,Piping,164,162,1224,1104,1852,1518,2394,742,754,756,166,,,,,,,,,,,,,,,,,,,,,,,,,,,,,,,,,,,,,,,,,
P&ID Line,Piping,88,168,170,740,174,1388,1072,,,,,,,,,,,,,,,,,,,,,,,,,,,,,,,,,,,,,,,,,,,,,
P&ID Line,Piping,2268,,,,,,,,,,,,,,,,,,,,,,,,,,,,,,,,,,,,,,,,,,,,,,,,,,,
P&ID Line,Piping,2856,,,,,,,,,,,,,,,,,,,,,,,,,,,,,,,,,,,,,,,,,,,,,,,,,,,
P&ID Line,Piping,2870,86,84,1980,1948,178,,,,,,,,,,,,,,,,,,,,,,,,,,,,,,,,,,,,,,,,,,,,,,
P&ID Line,Piping,1298,1136,,,,,,,,,,,,,,,,,,,,,,,,,,,,,,,,,,,,,,,,,,,,,,,,,,
P&ID Line,Piping,1344,1814,1352,1884,1346,1348,1350,1384,1804,1806,1772,1808,1810,1812,,,,,,,,,,,,,,,,,,,,,,,,,,,,,,,,,,,,,,
P&ID Line,Piping,58,4208,1270,1040,1916,254,256,748,250,1490,1492,76,,,,,,,,,,,,,,,,,,,,,,,,,,,,,,,,,,,,,,,,
P&ID Line,Piping,1684,74,2956,248,1464,750,2718,1008,,,,,,,,,,,,,,,,,,,,,,,,,,,,,,,,,,,,,,,,,,,,
P&ID Line,Piping,1724,1726,1728,1730,1770,1768,1732,,,,,,,,,,,,,,,,,,,,,,,,,,,,,,,,,,,,,,,,,,,,,
P&ID Line,Piping,122,1690,1722,,,,,,,,,,,,,,,,,,,,,,,,,,,,,,,,,,,,,,,,,,,,,,,,,
P&ID Line,Piping,3076,,,,,,,,,,,,,,,,,,,,,,,,,,,,,,,,,,,,,,,,,,,,,,,,,,,
P&ID Line,Piping,80,82,,,,,,,,,,,,,,,,,,,,,,,,,,,,,,,,,,,,,,,,,,,,,,,,,,
P&ID Line,Piping,100,,,,,,,,,,,,,,,,,,,,,,,,,,,,,,,,,,,,,,,,,,,,,,,,,,,
P&ID Line,Piping,2442,3074,1226,3242,,,,,,,,,,,,,,,,,,,,,,,,,,,,,,,,,,,,,,,,,,,,,,,,
P&ID Line,Piping,2444,,,,,,,,,,,,,,,,,,,,,,,,,,,,,,,,,,,,,,,,,,,,,,,,,,,
P&ID Line,Piping,96,,,,,,,,,,,,,,,,,,,,,,,,,,,,,,,,,,,,,,,,,,,,,,,,,,,
P&ID Line,Piping,90,92,,,,,,,,,,,,,,,,,,,,,,,,,,,,,,,,,,,,,,,,,,,,,,,,,,
P&ID Line,Piping,1336,378,,,,,,,,,,,,,,,,,,,,,,,,,,,,,,,,,,,,,,,,,,,,,,,,,,
P&ID Line,Piping,404,,,,,,,,,,,,,,,,,,,,,,,,,,,,,,,,,,,,,,,,,,,,,,,,,,,
P&ID Line,Piping,1338,,,,,,,,,,,,,,,,,,,,,,,,,,,,,,,,,,,,,,,,,,,,,,,,,,,
P&ID Line,Piping,3418,3482,3406,3414,3410,3408,3412,,,,,,,,,,,,,,,,,,,,,,,,,,,,,,,,,,,,,,,,,,,,,
P&ID Line,Piping,3416,3420,,,,,,,,,,,,,,,,,,,,,,,,,,,,,,,,,,,,,,,,,,,,,,,,,,
P&ID Line,Piping,3444,3404,3402,3400,3396,3398,3394,,,,,,,,,,,,,,,,,,,,,,,,,,,,,,,,,,,,,,,,,,,,,
P&ID Line,Piping,3422,3648,3538,3486,,,,,,,,,,,,,,,,,,,,,,,,,,,,,,,,,,,,,,,,,,,,,,,,
P&ID Line,Piping,3054,3060,,,,,,,,,,,,,,,,,,,,,,,,,,,,,,,,,,,,,,,,,,,,,,,,,,
P&ID Line,Piping,2964,3044,3002,2966,2968,3042,3040,3038,3004,2970,3006,,,,,,,,,,,,,,,,,,,,,,,,,,,,,,,,,,,,,,,,,
P&ID Line,Piping,550,566,570,568,578,564,2800,2706,2264,,,,,,,,,,,,,,,,,,,,,,,,,,,,,,,,,,,,,,,,,,,
P&ID Line,Piping,2238,,,,,,,,,,,,,,,,,,,,,,,,,,,,,,,,,,,,,,,,,,,,,,,,,,,
P&ID Line,Piping,584,1610,,,,,,,,,,,,,,,,,,,,,,,,,,,,,,,,,,,,,,,,,,,,,,,,,,
P&ID Line,Piping,1604,,,,,,,,,,,,,,,,,,,,,,,,,,,,,,,,,,,,,,,,,,,,,,,,,,,
P&ID Line,Piping,1594,588,590,622,,1310,,,,,,,,,,,,,,,,,,,,,,,,,,,,,,,,,,,,,,,,,,,,,,
P&ID Line,Piping,2250,,,,,,,,,,,,,,,,,,,,,,,,,,,,,,,,,,,,,,,,,,,,,,,,,,,
P&ID Line,Piping,576,1647,,,,,,,,,,,,,,,,,,,,,,,,,,,,,,,,,,,,,,,,,,,,,,,,,,
P&ID Line,Piping,1662,,,,,,,,,,,,,,,,,,,,,,,,,,,,,,,,,,,,,,,,,,,,,,,,,,,
P&ID Line,Piping,946,,,,,,,,,,,,,,,,,,,,,,,,,,,,,,,,,,,,,,,,,,,,,,,,,,,
P&ID Line,Piping,1660,948,950,1312,982,,,,,,,,,,,,,,,,,,,,,,,,,,,,,,,,,,,,,,,,,,,,,,,
P&ID Line,Piping,424,406,,,,,,,,,,,,,,,,,,,,,,,,,,,,,,,,,,,,,,,,,,,,,,,,,,
P&ID Line,Piping,1334,,,,,,,,,,,,,,,,,,,,,,,,,,,,,,,,,,,,,,,,,,,,,,,,,,,
P&ID Line,Piping,1332,,,,,,,,,,,,,,,,,,,,,,,,,,,,,,,,,,,,,,,,,,,,,,,,,,,
P&ID Line,Piping,338,2836,2842,,,,,,,,,,,,,,,,,,,,,,,,,,,,,,,,,,,,,,,,,,,,,,,,,
P&ID Line,Piping,1498,56,2014,1816,,,,,,,,,,,,,,,,,,,,,,,,,,,,,,,,,,,,,,,,,,,,,,,,
P&ID Line,Piping,2946,,,,,,,,,,,,,,,,,,,,,,,,,,,,,,,,,,,,,,,,,,,,,,,,,,,
P&ID Line,Piping,2448,2450,2452,,,,,,,,,,,,,,,,,,,,,,,,,,,,,,,,,,,,,,,,,,,,,,,,,
P&ID Line,Piping,2358,2392,2360,,,,,,,,,,,,,,,,,,,,,,,,,,,,,,,,,,,,,,,,,,,,,,,,,
P&ID Line,Piping,586,,,,,,,,,,,,,,,,,,,,,,,,,,,,,,,,,,,,,,,,,,,,,,,,,,,
P&ID Line,Piping,2078,2080,344,838,624,714,,,,,,,,,,,,,,,,,,,,,,,,,,,,,,,,,,,,,,,,,,,,,,
P&ID Line,Shell Support Pipe,2950,2952,2954,,,,,,,,,,,,,,,,,,,,,,,,,,,,,,,,,,,,,,,,,,,,,,,,,
P&ID Line,Tracing Line,2256,2258,2292,2284,2300,2286,2290,2288,2294,2296,2298,2302,2304,2306,2266,,,,,,,,,,,,,,,,,,,,,,,,,,,,,,,,,,,,,
P&ID Line,Tracing Line,2312,2310,2308,1624,1625,,,,,,,,,,,,,,,,,,,,,,,,,,,,,,,,,,,,,,,,,,,,,,,
P&ID Line,Tracing Line,2260,2322,2336,2324,2326,2328,2330,2332,2334,2714,2712,2338,2340,2320,,,,,,,,,,,,,,,,,,,,,,,,,,,,,,,,,,,,,,
P&ID Line,Tracing Line,2316,2314,2318,1657,1658,,,,,,,,,,,,,,,,,,,,,,,,,,,,,,,,,,,,,,,,,,,,,,,
P&ID Valve,Ball Valve,3046,3048,3052,3382,,,,,,,,,,,,,,,,,,,,,,,,,,,,,,,,,,,,,,,,,,,,,,,,
P&ID Valve,Ball Valve,3144,3146,3148,3150,3152,3388,3172,,,,,,,,,,,,,,,,,,,,,,,,,,,,,,,,,,,,,,,,,,,,,
P&ID Valve,Butterfly Valve,3284,3286,3328,3350,3352,3354,3372,,,,,,,,,,,,,,,,,,,,,,,,,,,,,,,,,,,,,,,,,,,,,
P&ID Valve,Gate Valve,94,98,3390,1500,126,,,,,,,,,,,,,,,,,,,,,,,,,,,,,,,,,,,,,,,,,,,,,,,
P&ID Valve,Gate Valve,384,386,1616,1508,462,3384,,,,,,,,,,,,,,,,,,,,,,,,,,,,,,,,,,,,,,,,,,,,,,
P&ID Valve,Gate Valve,572,574,1514,1516,3374,,,,,,,,,,,,,,,,,,,,,,,,,,,,,,,,,,,,,,,,,,,,,,,
P&ID Valve,Gate Valve,580,582,3378,1510,1512,,,,,,,,,,,,,,,,,,,,,,,,,,,,,,,,,,,,,,,,,,,,,,,
P&ID Valve,Gate Valve,1606,1608,1620,1614,1612,3380,,,,,,,,,,,,,,,,,,,,,,,,,,,,,,,,,,,,,,,,,,,,,,
P&ID Valve,Gate Valve,1643,1645,1653,1651,1649,3376,,,,,,,,,,,,,,,,,,,,,,,,,,,,,,,,,,,,,,,,,,,,,,
P&ID Valve,Gate Valve,2526,2528,3392,2602,2600,2594,,,,,,,,,,,,,,,,,,,,,,,,,,,,,,,,,,,,,,,,,,,,,,
P&ID Valve,Gate Valve,4214,4216,4373,4218,4219,4210,4212,,,,,,,,,,,,,,,,,,,,,,,,,,,,,,,,,,,,,,,,,,,,,
P&ID Valve,Hand-Operated Angle Valve,106,108,112,110,114,116,2948,1504,118,120,,,,,,,,,,,,,,,,,,,,,,,,,,,,,,,,,,,,,,,,,,
P&ID Valve,Pressure Relief Valve,3154,3166,3158,3160,3162,3164,3386,3174,,,,,,,,,,,,,,,,,,,,,,,,,,,,,,,,,,,,,,,,,,,,
P&ID Valve,Pressure Relief Valve,1234,1244,1248,1236,1238,1240,1250,2218,2220,2222,2224,,,,,,,,,,,,,,,,,,,,,,,,,,,,,,,,,,,,,,,,,
P&ID Valve,Pressure Relief Valve,1252,1262,1266,1254,1256,1258,1268,1228,1230,1232,1272,,,,,,,,,,,,,,,,,,,,,,,,,,,,,,,,,,,,,,,,,
